timestamp,memory_used_MiB,memory_total_MiB,util_gpu_pct
22:13:32.021,1543, 4096, 3
22:13:32.296,1543, 4096, 3
22:13:32.562,1546, 4096, 3
22:13:32.836,1549, 4096, 3
22:13:33.099,1563, 4096, 3
22:13:33.346,1585, 4096, 5
22:13:33.612,1587, 4096, 5
22:13:33.878,1587, 4096, 5
22:13:34.142,1589, 4096, 5
22:13:34.408,1590, 4096, 10
22:13:34.669,1600, 4096, 10
22:13:34.932,1600, 4096, 10
22:13:35.197,1600, 4096, 10
22:13:35.459,1601, 4096, 6
22:13:35.729,1593, 4096, 6
22:13:35.982,1587, 4096, 6
22:13:36.247,1587, 4096, 6
22:13:36.511,1588, 4096, 8
22:13:36.775,1588, 4096, 8
22:13:37.042,1579, 4096, 8
22:13:37.309,1579, 4096, 8
22:13:37.572,1579, 4096, 3
22:13:37.818,1579, 4096, 3
22:13:38.085,1584, 4096, 3
22:13:38.352,1584, 4096, 7
22:13:38.615,1594, 4096, 7
22:13:38.882,1603, 4096, 7
22:13:39.147,1596, 4096, 7
22:13:39.418,1588, 4096, 12
22:13:39.702,1592, 4096, 12
22:13:39.966,1593, 4096, 12
22:13:40.228,1608, 4096, 12
22:13:40.492,1618, 4096, 7
22:13:40.758,1618, 4096, 7
22:13:41.024,1617, 4096, 7
22:13:41.290,1602, 4096, 7
22:13:41.554,1605, 4096, 7
22:13:41.817,1605, 4096, 7
22:13:42.084,1602, 4096, 7
22:13:42.349,1602, 4096, 11
22:13:42.612,1600, 4096, 11
22:13:42.876,1582, 4096, 11
22:13:43.139,1578, 4096, 11
22:13:43.405,1578, 4096, 6
22:13:43.671,1587, 4096, 6
22:13:43.936,1626, 4096, 6
22:13:44.218,1627, 4096, 6
22:13:44.480,1628, 4096, 1
22:13:44.761,2236, 4096, 1
22:13:45.025,2236, 4096, 1
22:13:45.291,2491, 4096, 1
22:13:45.571,2488, 4096, 28
22:13:45.836,2489, 4096, 28
22:13:46.102,2486, 4096, 28
22:13:46.367,2486, 4096, 56
22:13:46.617,2486, 4096, 56
22:13:46.884,2486, 4096, 56
22:13:47.147,2486, 4096, 56
22:13:47.412,2475, 4096, 1
22:13:47.676,2475, 4096, 1
22:13:47.944,2475, 4096, 1
22:13:48.211,2475, 4096, 1
22:13:48.474,2475, 4096, 1
22:13:48.739,2475, 4096, 1
22:13:49.005,2475, 4096, 1
22:13:49.270,2475, 4096, 1
22:13:49.538,2475, 4096, 2
22:13:49.804,2474, 4096, 2
22:13:50.069,2474, 4096, 2
22:13:50.332,2469, 4096, 2
22:13:50.598,2469, 4096, 1
22:13:50.863,2759, 4096, 1
22:13:51.137,3527, 4096, 1
22:13:51.456,3527, 4096, 22
22:13:51.718,3527, 4096, 22
22:13:51.980,3527, 4096, 22
22:13:52.245,3528, 4096, 22
22:13:52.510,3538, 4096, 7
22:13:52.773,3538, 4096, 7
22:13:53.038,3550, 4096, 7
22:13:53.287,3550, 4096, 7
22:13:53.552,3550, 4096, 99
22:13:53.819,3550, 4096, 99
22:13:54.082,3550, 4096, 99
22:13:54.345,3550, 4096, 99
22:13:54.611,3550, 4096, 100
22:13:54.875,3550, 4096, 100
22:13:55.144,3550, 4096, 100
22:13:55.407,3550, 4096, 100
22:13:55.671,3549, 4096, 100
22:13:55.935,3549, 4096, 100
22:13:56.202,3549, 4096, 100
22:13:56.470,3549, 4096, 97
22:13:56.731,3549, 4096, 97
22:13:56.997,3545, 4096, 97
22:13:57.260,3545, 4096, 97
22:13:57.527,3545, 4096, 93
22:13:57.790,3545, 4096, 93
22:13:58.056,3544, 4096, 93
22:13:58.321,3537, 4096, 93
22:13:58.586,3537, 4096, 98
22:13:58.852,3537, 4096, 98
22:13:59.115,3537, 4096, 98
22:13:59.381,3537, 4096, 98
22:13:59.648,3537, 4096, 95
22:13:59.959,3537, 4096, 95
22:14:00.223,3536, 4096, 95
22:14:00.475,3532, 4096, 88
22:14:00.739,3527, 4096, 88
22:14:01.002,3526, 4096, 88
22:14:01.271,3526, 4096, 88
22:14:01.537,3526, 4096, 99
22:14:01.800,3526, 4096, 99
22:14:02.062,3526, 4096, 99
22:14:02.326,3526, 4096, 99
22:14:02.592,3526, 4096, 100
22:14:02.858,3526, 4096, 100
22:14:03.122,3526, 4096, 100
22:14:03.389,3526, 4096, 100
22:14:03.655,3526, 4096, 100
22:14:03.915,3526, 4096, 100
22:14:04.181,3526, 4096, 100
22:14:04.448,3526, 4096, 100
22:14:04.717,3526, 4096, 100
22:14:04.980,3526, 4096, 100
22:14:05.243,3526, 4096, 100
22:14:05.510,3526, 4096, 98
22:14:05.773,3526, 4096, 98
22:14:06.036,3526, 4096, 98
22:14:06.304,3526, 4096, 98
22:14:06.572,3526, 4096, 97
22:14:06.835,3526, 4096, 97
22:14:07.097,3526, 4096, 97
22:14:07.362,3526, 4096, 97
22:14:07.631,3526, 4096, 97
22:14:07.894,3526, 4096, 97
22:14:08.157,3526, 4096, 97
22:14:08.420,3525, 4096, 97
22:14:08.688,3525, 4096, 97
22:14:08.953,3525, 4096, 97
22:14:09.217,3525, 4096, 97
22:14:09.484,3525, 4096, 96
22:14:09.752,3525, 4096, 96
22:14:10.015,3525, 4096, 96
22:14:10.278,3525, 4096, 96
22:14:10.544,3525, 4096, 100
22:14:10.808,3522, 4096, 100
22:14:11.076,3522, 4096, 100
22:14:11.340,3522, 4096, 100
22:14:11.604,3522, 4096, 100
22:14:11.868,3522, 4096, 100
22:14:12.132,3522, 4096, 100
22:14:12.400,3522, 4096, 100
22:14:12.665,3522, 4096, 100
22:14:12.932,3522, 4096, 100
22:14:13.196,3522, 4096, 100
22:14:13.461,3522, 4096, 100
22:14:13.725,3522, 4096, 100
22:14:13.994,3513, 4096, 100
22:14:14.257,3512, 4096, 100
22:14:14.521,3512, 4096, 96
22:14:14.795,3528, 4096, 96
22:14:15.062,3528, 4096, 96
22:14:15.328,3519, 4096, 96
22:14:15.594,3519, 4096, 96
22:14:15.860,3532, 4096, 96
22:14:16.125,3523, 4096, 96
22:14:16.392,3533, 4096, 96
22:14:16.655,3544, 4096, 97
22:14:16.921,3544, 4096, 97
22:14:17.188,3535, 4096, 97
22:14:17.455,3535, 4096, 97
22:14:17.715,3535, 4096, 98
22:14:17.984,3535, 4096, 98
22:14:18.246,3535, 4096, 98
22:14:18.508,3535, 4096, 97
22:14:18.776,3535, 4096, 97
22:14:19.037,3535, 4096, 97
22:14:19.302,3535, 4096, 97
22:14:19.581,3535, 4096, 100
22:14:19.845,3533, 4096, 100
22:14:20.129,3526, 4096, 100
22:14:20.392,3526, 4096, 100
22:14:20.655,3524, 4096, 100
22:14:20.920,3523, 4096, 100
22:14:21.186,3523, 4096, 100
22:14:21.452,3520, 4096, 100
22:14:21.714,3518, 4096, 100
22:14:21.980,3514, 4096, 100
22:14:22.242,3514, 4096, 100
22:14:22.512,3510, 4096, 100
22:14:22.777,3510, 4096, 100
22:14:23.054,3510, 4096, 100
22:14:23.322,3510, 4096, 100
22:14:23.605,3502, 4096, 97
22:14:23.869,3502, 4096, 97
22:14:24.135,3502, 4096, 97
22:14:24.399,3502, 4096, 97
22:14:24.665,3502, 4096, 97
22:14:24.931,3502, 4096, 97
22:14:25.197,3502, 4096, 97
22:14:25.457,3502, 4096, 97
22:14:25.723,3502, 4096, 98
22:14:25.986,3502, 4096, 98
22:14:26.250,3502, 4096, 98
22:14:26.513,3502, 4096, 98
22:14:26.787,3502, 4096, 98
22:14:27.047,3502, 4096, 98
22:14:27.311,3502, 4096, 98
22:14:27.577,3502, 4096, 92
22:14:27.844,3502, 4096, 92
22:14:28.110,3502, 4096, 92
22:14:28.375,3502, 4096, 92
22:14:28.639,3502, 4096, 100
22:14:28.904,3502, 4096, 100
22:14:29.168,3502, 4096, 100
22:14:29.435,3502, 4096, 100
22:14:29.696,3502, 4096, 100
22:14:29.964,3502, 4096, 100
22:14:30.229,3502, 4096, 100
22:14:30.495,3498, 4096, 100
22:14:30.762,3490, 4096, 100
22:14:31.025,3480, 4096, 100
22:14:31.289,3480, 4096, 100
22:14:31.554,3480, 4096, 99
22:14:31.820,3480, 4096, 99
22:14:32.089,3480, 4096, 99
22:14:32.352,3480, 4096, 99
22:14:32.619,3480, 4096, 97
22:14:32.879,3480, 4096, 97
22:14:33.142,3480, 4096, 97
22:14:33.414,3480, 4096, 97
22:14:33.673,3480, 4096, 98
22:14:33.937,3480, 4096, 98
22:14:34.203,3480, 4096, 98
22:14:34.470,3480, 4096, 98
22:14:34.739,3480, 4096, 98
22:14:35.004,3480, 4096, 98
22:14:35.266,3480, 4096, 98
22:14:35.532,3480, 4096, 98
22:14:35.780,3480, 4096, 96
22:14:36.046,3480, 4096, 96
22:14:36.312,3480, 4096, 96
22:14:36.576,3480, 4096, 99
22:14:36.841,3480, 4096, 99
22:14:37.109,3480, 4096, 99
22:14:37.373,3480, 4096, 99
22:14:37.637,3480, 4096, 100
22:14:37.901,3480, 4096, 100
22:14:38.168,3480, 4096, 100
22:14:38.429,3480, 4096, 100
22:14:38.698,3480, 4096, 100
22:14:38.963,3480, 4096, 100
22:14:39.231,3480, 4096, 100
22:14:39.499,3480, 4096, 100
22:14:39.759,3480, 4096, 100
22:14:40.037,3480, 4096, 100
22:14:40.300,3480, 4096, 100
22:14:40.563,3480, 4096, 97
22:14:40.830,3480, 4096, 97
22:14:41.097,3480, 4096, 97
22:14:41.361,3480, 4096, 97
22:14:41.623,3480, 4096, 97
22:14:41.890,3480, 4096, 97
22:14:42.152,3480, 4096, 97
22:14:42.419,3480, 4096, 97
22:14:42.680,3480, 4096, 97
22:14:42.950,3480, 4096, 97
22:14:43.214,3480, 4096, 97
22:14:43.477,3480, 4096, 97
22:14:43.745,3480, 4096, 98
22:14:44.008,3480, 4096, 98
22:14:44.278,3480, 4096, 98
22:14:44.540,3480, 4096, 98
22:14:44.806,3480, 4096, 97
22:14:45.069,3480, 4096, 97
22:14:45.336,3480, 4096, 97
22:14:45.601,3480, 4096, 100
22:14:45.864,3480, 4096, 100
22:14:46.129,3480, 4096, 100
22:14:46.394,3480, 4096, 100
22:14:46.663,3480, 4096, 100
22:14:46.928,3480, 4096, 100
22:14:47.194,3480, 4096, 100
22:14:47.459,3491, 4096, 100
22:14:47.724,3491, 4096, 100
22:14:47.990,3491, 4096, 100
22:14:48.257,3491, 4096, 100
22:14:48.518,3491, 4096, 100
22:14:48.783,3491, 4096, 100
22:14:49.148,3491, 4096, 100
22:14:49.544,3491, 4096, 100
22:14:49.985,3491, 4096, 96
22:14:50.293,3491, 4096, 96
22:14:50.559,3491, 4096, 96
22:14:50.832,3491, 4096, 92
22:14:51.099,3491, 4096, 92
22:14:51.364,3491, 4096, 92
22:14:51.625,3491, 4096, 97
22:14:51.891,3491, 4096, 97
22:14:52.155,3491, 4096, 97
22:14:52.418,3491, 4096, 97
22:14:52.684,3491, 4096, 98
22:14:52.949,3491, 4096, 98
22:14:53.214,3491, 4096, 98
22:14:53.504,3491, 4096, 98
22:14:53.772,3491, 4096, 96
22:14:54.038,3491, 4096, 96
22:14:54.301,3491, 4096, 96
22:14:54.567,3491, 4096, 96
22:14:54.816,3491, 4096, 100
22:14:55.080,3491, 4096, 100
22:14:55.344,3491, 4096, 100
22:14:55.609,3491, 4096, 100
22:14:55.890,3491, 4096, 100
22:14:56.154,3491, 4096, 100
22:14:56.417,3491, 4096, 100
22:14:56.684,3491, 4096, 100
22:14:56.950,3491, 4096, 100
22:14:57.213,3491, 4096, 100
22:14:57.478,3491, 4096, 100
22:14:57.743,3491, 4096, 100
22:14:58.010,3491, 4096, 100
22:14:58.272,3491, 4096, 100
22:14:58.601,3491, 4096, 100
22:14:58.866,3491, 4096, 97
22:14:59.133,3491, 4096, 97
22:14:59.398,3491, 4096, 97
22:14:59.664,3491, 4096, 97
22:14:59.930,3491, 4096, 97
22:15:00.193,3491, 4096, 97
22:15:00.457,3489, 4096, 97
22:15:00.724,3484, 4096, 98
22:15:00.990,3484, 4096, 98
22:15:01.254,3484, 4096, 98
22:15:01.518,3484, 4096, 98
22:15:01.781,3484, 4096, 98
22:15:02.044,3484, 4096, 98
22:15:02.310,3484, 4096, 98
22:15:02.574,3484, 4096, 98
22:15:02.838,3484, 4096, 97
22:15:03.103,3484, 4096, 97
22:15:03.366,3484, 4096, 97
22:15:03.632,3484, 4096, 97
22:15:03.898,3493, 4096, 100
22:15:04.162,3493, 4096, 100
22:15:04.427,3484, 4096, 100
22:15:04.695,3484, 4096, 100
22:15:04.959,3484, 4096, 100
22:15:05.224,3484, 4096, 100
22:15:05.491,3484, 4096, 100
22:15:05.754,3484, 4096, 100
22:15:06.017,3484, 4096, 100
22:15:06.287,3484, 4096, 100
22:15:06.547,3484, 4096, 100
22:15:06.813,3484, 4096, 99
22:15:07.079,3484, 4096, 99
22:15:07.337,3484, 4096, 99
22:15:07.604,3484, 4096, 99
22:15:07.867,3484, 4096, 97
22:15:08.130,3484, 4096, 97
22:15:08.396,3484, 4096, 97
22:15:08.663,3484, 4096, 97
22:15:08.929,3484, 4096, 98
22:15:09.194,3484, 4096, 98
22:15:09.439,3484, 4096, 98
22:15:09.706,3484, 4096, 98
22:15:09.974,3483, 4096, 98
22:15:10.235,3483, 4096, 98
22:15:10.502,1258, 4096, 98
22:15:10.765,1225, 4096, 36
22:15:11.011,1155, 4096, 36
22:15:11.275,1155, 4096, 36
22:15:11.540,1155, 4096, 36
22:15:11.804,1155, 4096, 1
22:15:12.056,1155, 4096, 1
22:15:12.321,1155, 4096, 1
22:15:12.586,1155, 4096, 1
22:15:12.850,1155, 4096, 2
22:15:13.115,1155, 4096, 2
22:15:13.378,1155, 4096, 2
22:15:13.643,1155, 4096, 2
22:15:13.910,1154, 4096, 2
22:15:14.174,1154, 4096, 2
22:15:14.421,1154, 4096, 2
22:15:14.671,1154, 4096, 2
22:15:14.920,1154, 4096, 2
22:15:15.182,1154, 4096, 2
22:15:15.449,1154, 4096, 2
22:15:15.712,1153, 4096, 2
22:15:15.979,1153, 4096, 2
22:15:16.241,1148, 4096, 2
22:15:16.488,1148, 4096, 2
22:15:16.753,1148, 4096, 2
22:15:17.002,1144, 4096, 2
22:15:17.251,1144, 4096, 2
22:15:17.517,1144, 4096, 2
22:15:17.767,1144, 4096, 2
22:15:18.017,1144, 4096, 2
22:15:18.276,1144, 4096, 2
22:15:18.524,1144, 4096, 2
22:15:18.792,1144, 4096, 2
22:15:19.039,1140, 4096, 2
22:15:19.304,1140, 4096, 2
22:15:19.568,1140, 4096, 2
22:15:19.838,1140, 4096, 2
22:15:20.100,1140, 4096, 2
22:15:20.365,1140, 4096, 2
22:15:20.629,1140, 4096, 2
22:15:20.878,1140, 4096, 2
22:15:21.129,1140, 4096, 2
22:15:21.394,1140, 4096, 2
22:15:21.657,1140, 4096, 2
22:15:21.924,1140, 4096, 2
22:15:22.173,1140, 4096, 2
22:15:22.436,1140, 4096, 2
22:15:22.688,1140, 4096, 2
22:15:22.953,1140, 4096, 2
22:15:23.203,1140, 4096, 2
22:15:23.456,1140, 4096, 2
22:15:23.703,1140, 4096, 2
22:15:23.951,1140, 4096, 2
22:15:24.216,1140, 4096, 2
22:15:24.465,1140, 4096, 2
22:15:24.732,1140, 4096, 2
22:15:24.998,1140, 4096, 2
22:15:25.247,1140, 4096, 2
22:15:25.496,1140, 4096, 2
22:15:25.763,1140, 4096, 2
22:15:26.013,1140, 4096, 2
22:15:26.277,1140, 4096, 2
22:15:26.528,1140, 4096, 2
22:15:26.775,1140, 4096, 2
22:15:27.039,1140, 4096, 2
22:15:27.290,1140, 4096, 2
22:15:27.555,1140, 4096, 2
22:15:27.816,1140, 4096, 2
22:15:28.083,1140, 4096, 2
22:15:28.347,1140, 4096, 2
22:15:28.594,1140, 4096, 2
22:15:28.842,1140, 4096, 2
22:15:29.094,1140, 4096, 2
22:15:29.356,1140, 4096, 2
22:15:29.623,1140, 4096, 2
22:15:29.885,1140, 4096, 2
22:15:30.148,1140, 4096, 2
22:15:30.416,1140, 4096, 2
22:15:30.681,1140, 4096, 2
22:15:30.945,1140, 4096, 2
22:15:31.194,1140, 4096, 2
22:15:31.457,1140, 4096, 2
22:15:31.722,1140, 4096, 2
22:15:31.987,1140, 4096, 2
22:15:32.253,1140, 4096, 2
22:15:32.517,1140, 4096, 2
22:15:32.783,1140, 4096, 2
22:15:33.033,1140, 4096, 2
22:15:33.283,1140, 4096, 2
22:15:33.549,1140, 4096, 2
22:15:33.814,1140, 4096, 2
22:15:34.126,1140, 4096, 2
22:15:34.392,1140, 4096, 2
22:15:34.640,1140, 4096, 2
22:15:34.908,1140, 4096, 2
22:15:35.174,1140, 4096, 2
22:15:35.436,1140, 4096, 2
22:15:35.687,1140, 4096, 2
22:15:35.935,1140, 4096, 2
22:15:36.181,1140, 4096, 2
22:15:36.446,1140, 4096, 2
22:15:36.711,1140, 4096, 2
22:15:36.956,1140, 4096, 2
22:15:37.205,1140, 4096, 2
22:15:37.471,1140, 4096, 2
22:15:37.736,1140, 4096, 2
22:15:37.983,1140, 4096, 2
22:15:38.236,1140, 4096, 2
22:15:38.497,1140, 4096, 2
22:15:38.760,1140, 4096, 2
22:15:39.025,1140, 4096, 2
22:15:39.275,1140, 4096, 2
22:15:39.541,1140, 4096, 2
22:15:39.805,1140, 4096, 3
22:15:40.056,1140, 4096, 3
22:15:40.320,1140, 4096, 3
22:15:40.569,1140, 4096, 3
22:15:40.820,1140, 4096, 2
22:15:41.084,1140, 4096, 2
22:15:41.349,1140, 4096, 2
22:15:41.614,1140, 4096, 2
22:15:41.880,1140, 4096, 2
22:15:42.130,1140, 4096, 2
22:15:42.381,1140, 4096, 2
22:15:42.644,1140, 4096, 2
22:15:42.892,1140, 4096, 2
22:15:43.152,1140, 4096, 2
22:15:43.417,1140, 4096, 2
22:15:43.666,1140, 4096, 2
22:15:43.920,1140, 4096, 2
22:15:44.183,1140, 4096, 2
22:15:44.449,1140, 4096, 2
22:15:44.710,1140, 4096, 2
22:15:44.959,1140, 4096, 2
22:15:45.207,1140, 4096, 2
22:15:45.472,1140, 4096, 2
22:15:45.721,1140, 4096, 2
22:15:45.972,1140, 4096, 2
22:15:46.240,1140, 4096, 2
22:15:46.487,1140, 4096, 2
22:15:46.736,1140, 4096, 2
22:15:46.983,1140, 4096, 2
22:15:47.250,1140, 4096, 2
22:15:47.515,1140, 4096, 2
22:15:47.778,1140, 4096, 2
22:15:48.045,1140, 4096, 2
22:15:48.291,1140, 4096, 2
22:15:48.557,1140, 4096, 2
22:15:48.822,1140, 4096, 2
22:15:49.086,1140, 4096, 2
22:15:49.348,1140, 4096, 2
22:15:49.613,1140, 4096, 2
22:15:49.879,1140, 4096, 2
22:15:50.129,1140, 4096, 2
22:15:50.379,1140, 4096, 2
22:15:50.647,1140, 4096, 2
22:15:50.910,1140, 4096, 2
22:15:51.176,1140, 4096, 2
22:15:51.439,1140, 4096, 2
22:15:51.705,1140, 4096, 2
22:15:51.952,1140, 4096, 2
22:15:52.217,1140, 4096, 2
22:15:52.482,1140, 4096, 2
22:15:52.729,1140, 4096, 2
22:15:52.995,1140, 4096, 2
22:15:53.258,1140, 4096, 2
22:15:53.522,1140, 4096, 2
22:15:53.787,1140, 4096, 2
22:15:54.035,1140, 4096, 3
22:15:54.300,1140, 4096, 3
22:15:54.566,1140, 4096, 3
22:15:54.827,1140, 4096, 3
22:15:55.095,1142, 4096, 2
22:15:55.360,1140, 4096, 2
22:15:55.610,1140, 4096, 2
22:15:55.876,1140, 4096, 2
22:15:56.129,1140, 4096, 2
22:15:56.392,1140, 4096, 2
22:15:56.642,1140, 4096, 2
22:15:56.907,1140, 4096, 3
22:15:57.172,1140, 4096, 3
22:15:57.419,1140, 4096, 3
22:15:57.688,1140, 4096, 3
22:15:57.937,1140, 4096, 2
22:15:58.187,1140, 4096, 2
22:15:58.439,1140, 4096, 2
22:15:58.687,1140, 4096, 2
22:15:58.956,1140, 4096, 2
22:15:59.222,1140, 4096, 2
22:15:59.487,1140, 4096, 2
22:15:59.740,1140, 4096, 2
22:16:00.003,1140, 4096, 2
22:16:00.270,1140, 4096, 2
22:16:00.534,1140, 4096, 2
22:16:00.786,1140, 4096, 2
22:16:01.052,1140, 4096, 3
22:16:01.299,1140, 4096, 3
22:16:01.564,1140, 4096, 3
22:16:01.831,1140, 4096, 3
